train_loss,train_acc,train_top3,val_loss,val_acc,val_top3
1.0447832453376136,0.36409983597109546,0.8524626501751119,1.4313179489568615,0.2102836879432624,0.8127659574468085
0.9948665090379243,0.4022254732455557,0.8691758655849625,1.300960442022229,0.34893617021276596,0.8443262411347517
0.9933112149025715,0.40408742297291306,0.8686438799485747,1.4211429022728128,0.22482269503546098,0.799290780141844
1.006970930533898,0.39287139247240327,0.8563195460389236,1.44234256778203,0.2049645390070922,0.7843971631205674
1.0146761783477753,0.3856009221084364,0.8584474885844748,1.432216163899036,0.17872340425531916,0.8056737588652483
1.0019542994733641,0.3896351465177107,0.8623487165846522,1.4476401893805104,0.22198581560283687,0.7737588652482269
0.9792712740099704,0.40355543733652527,0.8680675621758213,1.4854752335988037,0.20212765957446807,0.7634751773049645
0.975881416738871,0.39805825242718446,0.8644766591302034,1.4934185694295463,0.18900709219858156,0.7730496453900709
0.9434884964756527,0.4243028771556501,0.871525468812342,1.5379697762482556,0.16276595744680852,0.7893617021276595
