image_path,label
perfume_images\00422_Spicematic_Eau_de_Parfum.jpg,Spicy
perfume_images\00215_Monsieur_Eau_de_Parfum.jpg,Woody
perfume_images\00382_Golden_Dallah_Eau_de_Parfum.jpg,Amber_Oriental
perfume_images\00915_Be_Careful_What_You_Wish_For_Parfum_Extrait.jpg,Woody
perfume_images\01121_Wasanbon_Eau_de_Parfum.jpg,Sweet
perfume_images\00183_Asphalt_Rainbow_Scratch_Sniff_Sticker_Set.jpg,Floral
perfume_images\01383_Meliora_Eau_de_Parfum.jpg,Floral
perfume_images\01652_Aurore_Nomade_Eau_de_Parfum.jpg,Spicy
perfume_images\01483_Kiss_Me_Intense_Eau_de_Parfum.jpg,Sweet
perfume_images\00122_Muskara_Phero_J_Eau_de_Parfum.jpg,Amber_Oriental
perfume_images\00893_Vanille_Benjoin_Eau_de_Parfum.jpg,Sweet
perfume_images\00847_Ombre_Leather_Eau_de_Parfum.jpg,Floral
perfume_images\00539_Mr_Vetiver_Eau_de_Parfum.jpg,Citrus
perfume_images\01870_Yes_I_Do_formerly_Dont_Get_Me_Wrong_Baby_Eau_de_Parfum.jpg,Floral
perfume_images\00354_Magenta_Pop_Eau_de_Parfum.jpg,Spicy
perfume_images\01721_Oud_-_Eau_de_Parfum.jpg,Woody
perfume_images\01269_Geisha_Vanilla_Hinoki-_Eau_de_Parfum.jpg,Woody
perfume_images\01669_Labdanum_18_Perfume_Oil.jpg,Sweet
perfume_images\01844_Love_in_White_Eau_de_Parfum.jpg,Floral
perfume_images\00777_Datura_Blanche_Eau_de_Parfum.jpg,Sweet
perfume_images\00306_Freeway_Eau_de_Parfum.jpg,Citrus
perfume_images\01816_Les_Nuits_dIzu_Eau_de_Parfum.jpg,Floral
perfume_images\00541_Murmure_des_Dieux_Eau_de_Parfum.jpg,Sweet
perfume_images\00340_Jubilation_XXV_Eau_de_Parfum.jpg,Amber_Oriental
perfume_images\00938_Black_Gold_Eau_de_Parfum.jpg,Floral
perfume_images\01799_Carthusia_Uomo_Eau_de_Parfum.jpg,Woody
perfume_images\01018_Baccarat_Rouge_540_Extrait_Extrait_de_Parfum.jpg,Amber_Oriental
perfume_images\00030_Escale_En_Indonesie_Eau_De_Cologne.jpg,Citrus
perfume_images\01808_Aventus_Eau_de_Parfum.jpg,Amber_Oriental
perfume_images\00758_Tobacco_Vanille_Travel_Atomizer.jpg,Sweet
perfume_images\01662_Opardu_Extrait_de_Parfum.jpg,Floral
perfume_images\01167_Bass_Solo_Eau_de_Parfum.jpg,Woody
perfume_images\00969_Fumabat_Eau_de_Parfum.jpg,Woody
perfume_images\01719_1804_George_Sand_Eau_de_Parfum.jpg,Floral
perfume_images\00395_Lace_Extrait_de_Parfum.jpg,Sweet
perfume_images\00944_Kyara_Parfum.jpg,Woody
perfume_images\00534_Oriental_Leather_Eau_de_Parfum.jpg,Floral
perfume_images\00508_SpeM_PetraM_Eau_de_Parfum.jpg,Spicy
perfume_images\00302_Sabbia_Bianca_Eau_de_Parfum.jpg,Floral
perfume_images\01436_Debaser_Eau_de_Parfum.jpg,Sweet
perfume_images\01294_Amyris_Pour_Homme_Travel_Set.jpg,Floral
perfume_images\00964_Red_Tobacco_Eau_de_Parfum.jpg,Woody
perfume_images\01744_07_Tanoke_Eau_de_Parfum.jpg,Spicy
perfume_images\01119_Iris_Homme_Eau_de_Parfum.jpg,Floral
perfume_images\01915_No_7_Eau_de_Toilette.jpg,Floral
perfume_images\00082_Perfumista_Eau_de_Parfum.jpg,Floral
perfume_images\00462_Mandarava_Extrait_de_Parfum.jpg,Amber_Oriental
perfume_images\00906_Silence_the_Sea_Eau_de_Parfum.jpg,Floral
perfume_images\00862_Adameku_Parfum.jpg,Amber_Oriental
perfume_images\01750_Azemour_les_Orangers_Eau_de_Parfum.jpg,Citrus
perfume_images\01711_1872_for_Women_Eau_de_Parfum.jpg,Floral
perfume_images\00015_Champs_Lunaires_Eau_de_Toilette.jpg,Floral
perfume_images\01601_Norne_Parfum_Extrait.jpg,Amber_Oriental
perfume_images\00575_Ormonde_Elixir_Parfum.jpg,Woody
perfume_images\01442_Italian_Citrus_Eau_de_Parfum.jpg,Citrus
perfume_images\00787_Hyde_Eau_de_Parfum.jpg,Citrus
perfume_images\01537_Isparta_Eau_de_Parfum.jpg,Amber_Oriental
perfume_images\01124_Citizen_X_Eau_de_Parfum.jpg,Amber_Oriental
perfume_images\01862_Do_Son_-_Eau_de_Toilette.jpg,Floral
perfume_images\00277_Lame_Soeur_Eau_de_Parfum.jpg,Floral
perfume_images\01522_Tango_Eau_de_Parfum.jpg,Woody
perfume_images\00481_Hakka_Eau_de_Parfum.jpg,Floral
perfume_images\00760_Fabulous_Body_Spray_Scented_Body_Spray.jpg,Sweet
perfume_images\01638_Autoportrait_Eau_de_Parfum.jpg,Amber_Oriental
perfume_images\01471_Lira_Eau_de_Parfum.jpg,Floral
perfume_images\00119_Cactus_Azul_Eau_de_Parfum.jpg,Woody
perfume_images\01371_Patchouli_Nosy_Be_Eau_de_Parfum.jpg,Woody
perfume_images\01273_Fetes_Persanes_Eau_de_Parfum.jpg,Spicy
perfume_images\00421_Namasoma_Organic_Oud_Pure_Oud.jpg,Floral
perfume_images\00116_Dryad_Eau_de_Parfum.jpg,Citrus
perfume_images\00286_Arborist_Eau_de_Parfum.jpg,Floral
perfume_images\00604_Musc_des_Sables_Eau_de_Parfum.jpg,Amber_Oriental
perfume_images\00069_Love_Toxin_Extrait_de_Parfum.jpg,Floral
perfume_images\00793_But_Not_Today_Extrait_de_Parfum.jpg,Floral
perfume_images\01314_V_-_Erba_Pura_Eau_de_Parfum.jpg,Citrus
perfume_images\00605_Iris_Perle_Eau_de_Parfum.jpg,Floral
perfume_images\00885_Fior_Fiore_Eau_de_Parfum.jpg,Floral
perfume_images\01401_White_Parfum_Extrait.jpg,Woody
perfume_images\00701_Lust_In_Paradise_Eau_de_Parfum.jpg,Amber_Oriental
perfume_images\02013_Vanille_Tonka_Eau_de_Parfum.jpg,Sweet
perfume_images\00658_Eau_de_Minthe_Eau_de_Parfum.jpg,Floral
perfume_images\01070_Soda_Eau_de_Toilette.jpg,Citrus
perfume_images\00195_Mohur_Extrait_Parfum_Extrait.jpg,Floral
perfume_images\02042_Onyx_perfume_oil.jpg,Sweet
perfume_images\01872_Vepres_Siciliennes_Eau_de_Parfum.jpg,Floral
perfume_images\01597_Black_Sukar_Attar_perfume_oil.jpg,Floral
perfume_images\01147_Clandestine_Clara_Eau_de_Parfum.jpg,Amber_Oriental
perfume_images\00884_Hallucinogenic_Pearl_Eau_de_Parfum.jpg,Floral
perfume_images\00101_Donna_Sentenza_Eau_de_Parfum.jpg,Sweet
perfume_images\01308_Farnesiana_-_Eau_de_Parfum.jpg,Woody
perfume_images\01005_Elephant_Extrait_de_Parfum.jpg,Amber_Oriental
perfume_images\00584_Notorious_Oud_Eau_de_Parfum.jpg,Floral
perfume_images\00445_Cigar_Rum_Eau_de_Parfum.jpg,Amber_Oriental
perfume_images\00615_Purple_Sakan.jpg,Citrus
perfume_images\01938_White_Aoud_Eau_de_Parfum.jpg,Woody
perfume_images\01254_Geza_Schoen_Eau_de_Toilette.jpg,Citrus
perfume_images\00699_Desert_Suave_Eau_de_Parfum.jpg,Citrus
perfume_images\01231_Layton_Eau_de_Parfum.jpg,Floral
perfume_images\00389_Accento_Overdose_Eau_de_Parfum.jpg,Floral
perfume_images\00669_Cassili_Eau_de_Parfum.jpg,Sweet
perfume_images\01443_Mississippi_Medicine_Eau_de_Parfum.jpg,Amber_Oriental
perfume_images\01003_Patchouli_Sublime_Elixir_de_Parfum.jpg,Floral
perfume_images\01860_Oyedo_Eau_de_Toilette.jpg,Citrus
perfume_images\00515_Fall_Into_Stars_Eau_de_Parfum.jpg,Spicy
perfume_images\01301_Aqua_Universalis_Travel_Set.jpg,Citrus
perfume_images\01745_Bluff.jpg,Woody
perfume_images\00111_Buonissimo_Eau_de_Parfum.jpg,Sweet
perfume_images\01903_Geisha_Blanche_Eau_de_Parfum.jpg,Floral
perfume_images\01869_Jasmin_et_Cigarette_Eau_de_Parfum.jpg,Amber_Oriental
perfume_images\00363_Auster_Eau_de_Parfum.jpg,Woody
perfume_images\00846_Mysterious_Oud_Extrait_de_Parfum.jpg,Spicy
perfume_images\00726_Chronic_Eau_de_Parfum.jpg,Woody
perfume_images\00592_Bergamotto_di_Calabria_Eau_de_Parfum.jpg,Citrus
perfume_images\01756_Juniper_Sling_Eau_de_Toilette.jpg,Spicy
perfume_images\00811_Vetiverissimo_Eau_de_Parfum.jpg,Woody
perfume_images\00730_Rainbow_Bar_Eau_de_Parfum.jpg,Spicy
perfume_images\00003_Velvet_Fantasy_Eau_de_Parfum.jpg,Floral
perfume_images\00692_Oud_Caravan_No_2_Eau_de_Parfum.jpg,Woody
perfume_images\01571_Tobacco_Oud_Eau_de_Parfum.jpg,Woody
perfume_images\01944_Ambra_Aurea_Eau_de_Parfum.jpg,Amber_Oriental
perfume_images\00769_Leather_Patchouli_Eau_de_Parfum.jpg,Woody
perfume_images\01149_Blackmusk_Eau_de_Parfum.jpg,Amber_Oriental
perfume_images\01422_Blanche_Hair_Perfume.jpg,Floral
perfume_images\00789_Noir_Encens_Eau_de_Parfum.jpg,Amber_Oriental
perfume_images\00886_Terra_Mia_Eau_de_Parfum.jpg,Citrus
perfume_images\00569_Royal_Sapphire_Extrait_de_Parfum.jpg,Citrus
perfume_images\01236_White_Peacock_Lily_Eau_de_Parfum.jpg,Floral
perfume_images\01326_Miksado_Parfum_Extrait.jpg,Woody
perfume_images\00840_Komorebi_Eau_de_Parfum.jpg,Sweet
perfume_images\01418_Tempted_Muse_Eau_de_Parfum.jpg,Floral
perfume_images\01297_Hermann_Eau_de_Parfum.jpg,Spicy
perfume_images\00599_A_Mans_Cologne_Eau_de_Parfum.jpg,Amber_Oriental
perfume_images\01060_Afrika-Olifant_Extrait_de_Parfum.jpg,Amber_Oriental
perfume_images\00861_Grev_Extrait_de_Parfum.jpg,Woody
perfume_images\00965_California_Snow_Eau_de_Parfum.jpg,Woody
perfume_images\01001_Velvet_Haze_Eau_de_Parfum.jpg,Amber_Oriental
perfume_images\00807_A_Rose_For_Eau_de_Parfum.jpg,Woody
perfume_images\00677_No_7_Le_Sel_de_la_Terre_Eau_de_Parfum.jpg,Citrus
perfume_images\01993_Lonestar_Memories_Eau_de_Toilette.jpg,Woody
perfume_images\01656_Nero_Perfume_Oil.jpg,Woody
perfume_images\01832_01_Nomad_Eau_de_Parfum.jpg,Woody
perfume_images\00303_Sundrunk_Eau_de_Parfum.jpg,Citrus
perfume_images\01566_Red_Eau_de_Toilette.jpg,Spicy
perfume_images\00316_Baraonda_Extrait_de_Parfum.jpg,Amber_Oriental
perfume_images\00602_Portrayal_Woman.jpg,Floral
perfume_images\00939_AnOther_13_Eau_de_Parfum.jpg,Amber_Oriental
perfume_images\01288_Bello_Rabelo_Eau_de_Parfum.jpg,Amber_Oriental
perfume_images\00648_Unutamam_Extrait_de_Parfum.jpg,Floral
perfume_images\00979_Cruz_Del_Sur_II_Eau_de_Parfum.jpg,Woody
perfume_images\01235_Rose_Atlantic_Eau_de_Parfum.jpg,Citrus
perfume_images\01272_Miss_Marisa_Fragrance_Oil.jpg,Floral
perfume_images\00476_Gaea_Eau_de_Parfum.jpg,Floral
perfume_images\00736_Cuir_Cavalier_Eau_de_Parfum.jpg,Sweet
perfume_images\01464_Tarts_Knicker_Drawer_Eau_de_Parfum.jpg,Floral
perfume_images\00907_Silence_the_Sea_Oil_Perfume_Oil.jpg,Floral
perfume_images\00525_Pomelo_Riviera_Eau_de_Parfum.jpg,Citrus
perfume_images\01337_Rose_of_No_Mans_Land_Eau_de_Parfum.jpg,Floral
perfume_images\00058_Tabac_Rose_Eau_de_Parfum.jpg,Spicy
perfume_images\02062_Perfect_Veil_Eau_de_Parfum.jpg,Citrus
perfume_images\00036_Sel_dArgent_Eau_de_Parfum.jpg,Citrus
perfume_images\00400_New_York_Intense_Eau_de_Parfum.jpg,Woody
perfume_images\01068_Saint_Julep_Eau_de_Parfum.jpg,Floral
perfume_images\01452_Ombre_Indigo_Eau_de_Parfum.jpg,Amber_Oriental
perfume_images\00040_Room_Service_Eau_de_Parfum.jpg,Amber_Oriental
perfume_images\01949_Bois_Farine_Eau_de_Toilette.jpg,Woody
perfume_images\00068_Transilvania_Extrait_de_Parfum.jpg,Floral
perfume_images\00179_Augusto_Eau_de_Parfum.jpg,Floral
perfume_images\00630_2_MAN_Eau_de_Toilette.jpg,Spicy
perfume_images\00435_Silver_Ambergris_Parfum_Extrait.jpg,Amber_Oriental
perfume_images\01423_Bal_dAfrique_Hair_Perfume.jpg,Citrus
perfume_images\00961_Arabians.jpg,Woody
perfume_images\00553_LAir_Des_Alpes_Suisses_Eau_de_Parfum.jpg,Floral
perfume_images\01716_Ambre_114_Eau_de_Parfum.jpg,Woody
perfume_images\00837_B-612_Extrait_de_Parfum.jpg,Woody
perfume_images\01291_Eau_des_Sens_Eau_de_Toilette.jpg,Citrus
perfume_images\00752_Aoud_Exclusif_Eau_de_Parfum.jpg,Woody
perfume_images\01131_Mirabilis_Eau_de_Parfum.jpg,Amber_Oriental
perfume_images\01474_Dama_Bianca_Eau_de_Parfum.jpg,Floral
perfume_images\01135_Venenum_Eau_de_Parfum.jpg,Woody
perfume_images\01532_Sunshine_and_Pancakes_Eau_de_Parfum.jpg,Sweet
perfume_images\01703_Un_Coeur_en_Mai_Eau_de_Parfum.jpg,Floral
perfume_images\02012_Odalisque_Eau_de_Parfum.jpg,Floral
perfume_images\00967_Mx_Eau_de_Parfum.jpg,Woody
perfume_images\00822_Tokyo_Eau_de_Parfum.jpg,Woody
perfume_images\00264_Royal_Muska_Eau_de_Parfum.jpg,Amber_Oriental
perfume_images\01122_Io_Non_Ho_Mani_Che_Mi_Accarezzino_il_Volto_Extrait_de_Parfum.jpg,Amber_Oriental
perfume_images\01494_Masculin_Pluriel_Eau_de_Toilette.jpg,Woody
perfume_images\00581_Rose_Millesimee_Extrait_de_Parfum.jpg,Floral
perfume_images\00881_2015_Le_Phenix_Eau_de_Parfum.jpg,Amber_Oriental
perfume_images\00983_Bruma_Eau_de_Parfum.jpg,Floral
perfume_images\00228_Fusion_Sacree_-_Obscur_Eau_de_Parfum.jpg,Amber_Oriental
perfume_images\01688_Amyris_Pour_Homme_Eau_de_Toilette.jpg,Floral
perfume_images\00350_Octavian_Parfum.jpg,Spicy
perfume_images\01615_Ylang_49_Eau_de_Parfum.jpg,Woody
perfume_images\00150_Cafe_Chantant_Parfum_Extrait.jpg,Amber_Oriental
perfume_images\00904_Dead_of_Night_Eau_de_Parfum.jpg,Floral
perfume_images\00521_Radish_x_Vetiver_Eau_de_Parfum.jpg,Woody
perfume_images\01504_Cologne_Eau_de_Parfum.jpg,Citrus
perfume_images\01564_Ardent_Eau_de_Parfum.jpg,Amber_Oriental
perfume_images\00299_Lost_Cherry_Eau_de_Parfum.jpg,Sweet
perfume_images\00094_Midnight_Saffron_Eau_de_Parfum.jpg,Floral
perfume_images\00706_Yuzu_Eau_de_Parfum.jpg,Citrus
perfume_images\00980_Oud_Stars_-_Alexandria_II_Eau_de_Parfum.jpg,Floral
perfume_images\01075_Nomad_Tea_Eau_de_Toilette.jpg,Floral
perfume_images\01171_I_Feel_Love_Eau_de_Parfum.jpg,Amber_Oriental
perfume_images\01998_Vanille_Extreme_Eau_de_Toilette.jpg,Sweet
perfume_images\00463_Ma_Nishtana_Extrait_de_Parfum.jpg,Spicy
perfume_images\01082_Palace_Oud_Fragrance_Oil.jpg,Woody
perfume_images\01827_Oolang_Infini_Cologne_Absolue.jpg,Citrus
perfume_images\01731_Le_Vainqueur_Eau_de_Parfum.jpg,Floral
perfume_images\01653_La_Fille_de_Berlin_Eau_de_Parfum.jpg,Floral
perfume_images\01577_Kyoto_Eau_de_Toilette.jpg,Woody
perfume_images\01930_Olibanum_Eau_de_Parfum.jpg,Amber_Oriental
perfume_images\01540_Amber_Oud_Eau_de_Parfum.jpg,Woody
perfume_images\01997_Luctor_et_Emergo_-_Eau_de_Toilette.jpg,Sweet
perfume_images\01141_Dates_Delight_Eau_de_Parfum.jpg,Sweet
perfume_images\01346_Santal_Eau_de_Toilette.jpg,Spicy
perfume_images\01979_Dzongkha_Eau_de_Toilette.jpg,Floral
perfume_images\00331_Korrigan_Eau_de_Parfum.jpg,Woody
perfume_images\01586_Violette_Fumee.jpg,Floral
perfume_images\00334_1969_Eau_de_Parfum.jpg,Spicy
perfume_images\00251_Acquiiissssima_Eau_de_Parfum.jpg,Floral
perfume_images\00169_Maxed_Out_Parfum_Extrait.jpg,Sweet
perfume_images\00309_Le_Cri_De_La_Lumiere_Eau_de_Parfum.jpg,Floral
perfume_images\01714_1872_for_Men_Eau_de_Parfum.jpg,Citrus
perfume_images\00121_Jacaranda_Eau_de_Parfum.jpg,Floral
perfume_images\00908_Melt_my_Heart_Eau_de_Parfum.jpg,Spicy
perfume_images\01924_Datura_Noir_Eau_de_Parfum.jpg,Sweet
perfume_images\00436_Golden_Ambergris_Parfum_Extrait.jpg,Amber_Oriental
perfume_images\00259_Ambra_Nera_Parfum.jpg,Amber_Oriental
perfume_images\02018_Le_Maroc_pour_elle_Eau_de_Parfum.jpg,Woody
perfume_images\01592_Tobacco_Vanille_Eau_de_Parfum.jpg,Sweet
perfume_images\01318_Origino_Parfum_Extrait.jpg,Spicy
perfume_images\00883_Lavish_Parfum.jpg,Woody
perfume_images\00102_Manteuse_Eau_de_Parfum.jpg,Sweet
perfume_images\00826_Geisha_Botan_-_Eau_de_Parfum.jpg,Floral
perfume_images\01774_Absolu_de_Vanille.jpg,Sweet
perfume_images\01395_Mefisto_Eau_de_Parfum.jpg,Citrus
perfume_images\01926_Osmanthus_Interdite_Eau_de_Parfum.jpg,Floral
perfume_images\01010_Champs_de_Provence_Eau_de_Parfum.jpg,Citrus
perfume_images\00890_Fantastic_Oud_Eau_de_Parfum.jpg,Woody
perfume_images\00735_Bleu_Satin_Eau_de_Parfum.jpg,Citrus
perfume_images\01908_21_Eau_de_Parfum.jpg,Woody
perfume_images\00261_Cara_Eau_de_Parfum.jpg,Sweet
perfume_images\01679_Cuir_Velours_Eau_de_Parfum.jpg,Amber_Oriental
perfume_images\00533_Love_Kills_Eau_de_Parfum.jpg,Floral
perfume_images\00246_Note_Vanillee_Eau_de_Parfum.jpg,Sweet
perfume_images\01861_LOmbre_dans_lEau_-_Eau_de_Toilette.jpg,Floral
perfume_images\01221_Petit_Matin_Eau_de_Parfum.jpg,Citrus
perfume_images\00544_Kalan_Eau_de_Parfum.jpg,Citrus
perfume_images\01399_1861_-_Zefiro_Eau_de_Parfum.jpg,Amber_Oriental
perfume_images\01133_Tenebrae_Eau_de_Parfum.jpg,Amber_Oriental
perfume_images\00978_Cruz_Del_Sur_I_Eau_de_Parfum.jpg,Citrus
perfume_images\01209_Bapteme_du_Feu_Eau_de_Parfum.jpg,Spicy
perfume_images\01686_08_-_Seylon_Eau_de_Parfum.jpg,Citrus
perfume_images\01388_Centrepiece_Eau_de_Parfum.jpg,Sweet
perfume_images\01794_Mediterraneo_Eau_de_Parfum.jpg,Citrus
perfume_images\00160_La_Danza_delle_Libellule_Exceptional_Edition_Parfum_Extrait.jpg,Sweet
perfume_images\00858_Blessed_Baraka_Eau_de_Parfum.jpg,Amber_Oriental
perfume_images\00440_Phloem_Eau_de_Parfum.jpg,Sweet
perfume_images\00866_Choeur_des_Anges_Eau_de_Parfum.jpg,Citrus
perfume_images\00629_White_Eau_de_Toilette.jpg,Floral
perfume_images\00147_20_Years_Eau_de_Parfum.jpg,Floral
perfume_images\00153_Perdizione_Eau_de_Parfum.jpg,Citrus
perfume_images\01181_Arbole_Eau_de_Parfum.jpg,Woody
perfume_images\01630_Gothic_III_-_Perfume_Oil_Roll-on_perfume_oil.jpg,Amber_Oriental
perfume_images\02014_Eau_dete_Eau_Fraiche.jpg,Citrus
perfume_images\01520_Corsica_Furiosa_Eau_de_Parfum.jpg,Spicy
perfume_images\01024_The_Cora_Eau_de_Parfum.jpg,Floral
perfume_images\01736_Dark_Eau_de_Parfum.jpg,Citrus
perfume_images\00138_Sweet_Parmesan_Violet_Eau_de_Parfum.jpg,Floral
perfume_images\01059_Fan_Your_Flames_Extrait_de_Parfum.jpg,Sweet
perfume_images\01575_Zagorsk_Eau_de_Toilette.jpg,Floral
perfume_images\00090_New_York_Eau_de_Parfum.jpg,Floral
perfume_images\01263_Noorolain_Taif_Eau_de_Parfum.jpg,Floral
perfume_images\00403_Cannabis_Blue_Eau_de_Parfum.jpg,Woody
perfume_images\01446_Empressa_Eau_de_Toilette.jpg,Citrus
perfume_images\01009_Figment_Man_Eau_de_Parfum.jpg,Woody
perfume_images\01787_La_Belle_Helene_Eau_de_Parfum.jpg,Woody
perfume_images\01313_V_-_Laylati_Eau_de_Parfum.jpg,Woody
perfume_images\01725_100_Love_Eau_de_Parfum.jpg,Floral
perfume_images\01722_Rose_Pivoine_Eau_de_Toilette.jpg,Floral
perfume_images\00078_Mad_About_You_Eau_de_Parfum.jpg,Floral
perfume_images\00273_Mazzolari_Eau_de_Toilette.jpg,Woody
perfume_images\01842_Al_Oudh_Eau_de_Parfum.jpg,Woody
perfume_images\00877_Eau_de_Cologne.jpg,Amber_Oriental
perfume_images\00747_Escentric_02_-_Travel_Spray_Eau_de_Toilette.jpg,Woody
perfume_images\01270_Geisha_Vanilla_Hinoki_Roll-on_perfume_oil.jpg,Woody
perfume_images\00188_Rose_Oud_Eau_de_Parfum.jpg,Amber_Oriental
perfume_images\00278_Douceur_de_Vanille_Eau_de_Parfum.jpg,Sweet
perfume_images\01077_Citric_Parfum.jpg,Citrus
perfume_images\01113_Flavia_Vanilla_Eau_de_Parfum.jpg,Sweet
perfume_images\01747_Itasca_Eau_de_Parfum.jpg,Amber_Oriental
perfume_images\00454_Salted_Green_Mango_Eau_de_Parfum.jpg,Citrus
perfume_images\01120_Hana_Hiraku_Eau_de_Parfum.jpg,Floral
perfume_images\01620_Vetiverus_Eau_de_parfum.jpg,Amber_Oriental
perfume_images\00365_Sir_Winston_Attar_Perfume_Oil.jpg,Woody
perfume_images\01354_Sotto_La_Luna_Tuberose_Eau_de_Parfum.jpg,Floral
perfume_images\01692_Citrico.jpg,Citrus
perfume_images\01733_Fils_de_Dieu_Eau_de_Parfum.jpg,Spicy
perfume_images\01027_Nuit_de_Bakelite_Eau_de_Parfum.jpg,Floral
perfume_images\01389_Pegasus_Eau_de_Parfum.jpg,Sweet
perfume_images\01657_Prima_T_-_Eau_de_Parfum.jpg,Floral
perfume_images\00181_Pichola_Eau_de_Parfum.jpg,Floral
perfume_images\00093_Avatar_Eau_de_Parfum.jpg,Sweet
perfume_images\00610_Megamare_Parfum.jpg,Amber_Oriental
perfume_images\01014_The_Bewitching_Yasmine_Eau_de_Parfum.jpg,Sweet
perfume_images\01481_1499_Eau_de_Parfum.jpg,Amber_Oriental
perfume_images\00290_Borneo_Oud_Pure_Oud_Oil.jpg,Woody
perfume_images\00196_Maai_Eau_de_Parfum.jpg,Floral
perfume_images\00017_Eau_de_Cuisine_Eau_de_Parfum.jpg,Sweet
perfume_images\01358_Incense_Flash_Eau_de_Parfum.jpg,Amber_Oriental
perfume_images\00470_If_by_RK_Eau_de_Parfum.jpg,Woody
perfume_images\01142_Golden_Powder_Eau_de_Parfum.jpg,Woody
perfume_images\00413_Naga_Layyen_Organic_Oud_Pure_Oud.jpg,Spicy
perfume_images\00089_I_Love_YY.jpg,Floral
perfume_images\00173_Spirituelle_Eau_de_Cologne.jpg,Amber_Oriental
perfume_images\01641_Labdanum_18_Eau_de_Parfum.jpg,Sweet
perfume_images\00269_Manakara_Eau_de_Parfum.jpg,Floral
perfume_images\00612_Shaghaf_Eau_de_Parfum.jpg,Woody
perfume_images\01873_Sublime_Balkiss_Eau_de_Parfum.jpg,Floral
perfume_images\00696_Aenotus_Parfum_Extrait.jpg,Citrus
perfume_images\01073_Calamus_Eau_de_Toilette.jpg,Floral
perfume_images\00252_Letre_Aime_-_Femme_Eau_de_Parfum.jpg,Floral
perfume_images\01290_Ile_Pourpre_Eau_de_Parfum.jpg,Woody
perfume_images\00936_No02_Le_Long_Fond_-_Eau_de_Parfum.jpg,Woody
perfume_images\00945_Hasunoito_Parfum.jpg,Floral
perfume_images\00311_Lily_Eau_de_Toilette.jpg,Floral
perfume_images\01103_Rausch_Eau_de_Parfum.jpg,Woody
perfume_images\00106_Kiviskin_Eau_de_Parfum.jpg,Spicy
perfume_images\01515_34_Boulevard_Saint_Germain_Eau_de_Toilette.jpg,Floral
perfume_images\00959_Day_Dreams_Eau_de_Parfum.jpg,Citrus
perfume_images\02000_Chocolat_Eau_de_Parfum.jpg,Floral
perfume_images\00671_No_1_Tonic_Blanc_Eau_de_Parfum.jpg,Citrus
perfume_images\01473_Fiore_dUlivo_Eau_de_Parfum.jpg,Amber_Oriental
perfume_images\01385_Galloway_Eau_de_Parfum.jpg,Amber_Oriental
perfume_images\01372_Ylang_Ylang_Nosy_Be_Eau_de_Parfum.jpg,Citrus
perfume_images\00164_Black_III_Parfum_Extrait.jpg,Woody
perfume_images\00397_Rules_of_Attraction_Extrait_de_Parfum.jpg,Floral
perfume_images\01066_A_City_On_Fire_Eau_de_Parfum.jpg,Spicy
perfume_images\01910_Incense_Rose_Eau_de_Parfum.jpg,Amber_Oriental
perfume_images\01367_Essence_de_Patchouli_Eau_de_Parfum.jpg,Woody
perfume_images\01441_Cowboy_Grass_Eau_de_Parfum.jpg,Floral
perfume_images\01078_Marinis_Parfum.jpg,Woody
perfume_images\00725_Sorong_Eau_de_Parfum.jpg,Amber_Oriental
perfume_images\01589_Neroli_Portofino_Eau_de_Parfum.jpg,Citrus
perfume_images\00796_I_Am_Trash_Eau_de_Parfum.jpg,Citrus
perfume_images\00666_Lavender_Extreme_Eau_de_Parfum.jpg,Floral
perfume_images\00300_Over_the_Chocolate_Shop_Eau_de_Parfum.jpg,Sweet
perfume_images\00137_Rahele_Eau_de_Parfum.jpg,Floral
perfume_images\00831_Purple_Flowers_Eau_de_Parfum.jpg,Spicy
perfume_images\01772_Hippie_Rose_Eau_de_Parfum.jpg,Amber_Oriental
perfume_images\01475_Ray_of_Light_Eau_de_Parfum.jpg,Citrus
perfume_images\00081_Fuyu_Eau_de_Parfum.jpg,Floral
perfume_images\00443_Allegretto_72_Eau_de_Parfum.jpg,Woody
perfume_images\00052_Rook_Eau_de_Parfum.jpg,Amber_Oriental
perfume_images\01186_Sheiduna_Parfum_Extrait.jpg,Amber_Oriental
perfume_images\01019_Histoire_DOrangers_Eau_de_Parfum.jpg,Citrus
perfume_images\00235_450_Eau_de_Parfum.jpg,Amber_Oriental
perfume_images\01623_Gold_Rose_Oudh_Extrait_de_Parfum.jpg,Woody
perfume_images\00501_Corpse_Reviver_Eau_de_Parfum.jpg,Sweet
perfume_images\01081_Noble_VIII_Immortelle_Parfum_Extrait.jpg,Citrus
perfume_images\00577_Noir_de_Noir_Travel_Atomizer.jpg,Woody
perfume_images\01600_Jeke_Parfum_Extrait.jpg,Sweet
perfume_images\01085_This_Is_Not_A_Blue_Bottle_Eau_de_Parfum.jpg,Amber_Oriental
perfume_images\00834_Odoon_Extrait_de_Parfum.jpg,Woody
perfume_images\01534_South_Bay_Eau_de_Toilette.jpg,Citrus
perfume_images\00580_Brume_du_Matin_Eau_de_Parfum.jpg,Floral
perfume_images\00386_Keman_Parfum.jpg,Floral
perfume_images\00305_Vanilla_Cake_Eau_de_Parfum.jpg,Sweet
perfume_images\00281_Divine_Eau_de_Parfum.jpg,Floral
perfume_images\00974_Note_de_Yuzu_Eau_de_Parfum.jpg,Citrus
perfume_images\00895_Cedre_Iris_Eau_de_Parfum.jpg,Amber_Oriental
perfume_images\01480_Musk_S_Eau_de_Parfum.jpg,Amber_Oriental
perfume_images\01307_Bergamote_Soleil_Cologne_Absolue.jpg,Floral
perfume_images\00741_Scent_Of_Paradise_Extrait_de_Parfum.jpg,Floral
perfume_images\02005_Narziß_-_Narziss_eau_de_toilette.jpg,Woody
perfume_images\00887_Erawan_Eau_de_Parfum.jpg,Woody
perfume_images\00882_Gelsomini_di_Capri_Eau_de_Parfum.jpg,Floral
perfume_images\00398_Tartan_Extrait_de_Parfum.jpg,Woody
perfume_images\00754_Vanille_Exclusive_Eau_de_Parfum.jpg,Floral
perfume_images\01678_Galaad_Eau_de_Parfum.jpg,Woody
perfume_images\00483_Divine_Vanille_Eau_de_Parfum.jpg,Amber_Oriental
perfume_images\01798_Via_Camerelle_Eau_de_Parfum.jpg,Citrus
perfume_images\00506_Vetiver_Parfum_Cologne.jpg,Woody
perfume_images\01820_Kobe_Eau_de_Parfum.jpg,Citrus
perfume_images\01701_Entre_Naranjos_Eau_de_Parfum.jpg,Citrus
perfume_images\00711_Agarwood_Eau_de_Parfum.jpg,Woody
perfume_images\01595_Classical_Eau_de_Parfum.jpg,Woody
perfume_images\01302_Royal_Princess_Oud_Eau_de_Parfum.jpg,Floral
perfume_images\01223_Issara_Extrait_de_Parfum.jpg,Amber_Oriental
perfume_images\01821_Oranges_and_Lemons_Say_The_Bells_of_St_Clements_Eau_de_Parfum.jpg,Citrus
perfume_images\01303_Audace_Eau_de_Parfum.jpg,Woody
perfume_images\01210_Green_Pearl_Eau_de_Parfum.jpg,Citrus
perfume_images\00492_Re-Charge_Black_Pepper_Deodorant_Stick.jpg,Spicy
perfume_images\00727_Capri_Eau_de_Parfum.jpg,Citrus
perfume_images\01753_Royal_Oud.jpg,Woody
perfume_images\01958_Eau_Suave_Eau_de_Parfum.jpg,Spicy
perfume_images\01599_Oud_Luban_Attar_perfume_oil.jpg,Woody
perfume_images\00234_Poudre_de_Riz_Eau_de_Parfum.jpg,Sweet
perfume_images\00392_Charade_Extrait_de_Parfum.jpg,Woody
perfume_images\01264_Regent_Leather_Eau_de_Parfum.jpg,Woody
perfume_images\01069_Garage_Eau_de_Toilette.jpg,Woody
perfume_images\00016_Prends-Moi_Eau_de_Parfum.jpg,Floral
perfume_images\00019_Vanille_de_Tahiti_Eau_de_Parfum.jpg,Amber_Oriental
perfume_images\00578_Cairo_Eau_de_Parfum.jpg,Woody
perfume_images\01801_Corallium_Eau_de_Parfum.jpg,Amber_Oriental
perfume_images\00222_Agua_Magnoliana_Eau_de_Parfum.jpg,Floral
perfume_images\01013_The_Uncompromising_Sohan_Eau_de_Parfum.jpg,Woody
perfume_images\01646_Bergamote_22_Eau_de_Parfum.jpg,Citrus
perfume_images\00646_Hossegor_Eau_de_Parfum.jpg,Amber_Oriental
perfume_images\01972_Premier_Figuier_Extreme_Eau_de_Parfum.jpg,Sweet
perfume_images\01496_Wode_Eau_de_Parfum.jpg,Spicy
perfume_images\01548_Blanche_Eau_de_Parfum.jpg,Floral
perfume_images\00039_Do_Not_Disturb_Eau_de_Parfum.jpg,Floral
perfume_images\01266_Mediterraneo_Parfum.jpg,Citrus
perfume_images\01524_Muguet_Fleuri_Eau_de_Parfum.jpg,Floral
perfume_images\01275_Yu_Son_Eau_de_Parfum.jpg,Floral
perfume_images\00018_Disobbedienza_Eau_de_Parfum.jpg,Floral
perfume_images\00661_Malt_Eau_de_Parfum.jpg,Woody
perfume_images\01190_Jack_Eau_de_Parfum.jpg,Spicy
perfume_images\01157_Hummingbird_Extrait_de_Parfum.jpg,Floral
perfume_images\00396_Leopard_Extrait_de_Parfum.jpg,Woody
perfume_images\00343_Petra_Eau_de_Parfum.jpg,Amber_Oriental
perfume_images\02023_Geisha_Blanche_roll-on_perfume_oil.jpg,Floral
perfume_images\00197_SHE_Shihan_Eau_de_Parfum.jpg,Floral
perfume_images\01977_Coze_Eau_de_Parfum.jpg,Sweet
perfume_images\00716_Elixir_Pour_Femme_Extrait_de_Parfum.jpg,Floral
perfume_images\00459_Oliver_Eau_de_Parfum.jpg,Citrus
perfume_images\00245_Ambra_Nobile_Eau_de_Parfum.jpg,Woody
perfume_images\01845_Silver_Mountain_Water_Eau_de_Parfum.jpg,Citrus
perfume_images\00192_Christopher_Street_Eau_de_Parfum.jpg,Citrus
perfume_images\01224_Melodie_de_lAmour_Extrait_de_Parfum.jpg,Floral
perfume_images\00355_Eternal_Summer_Eau_de_Parfum.jpg,Woody
perfume_images\01217_New_Sibet_Extrait_de_Parfum.jpg,Floral
perfume_images\01737_What_We_Do_In_Paris_Is_Secret_Eau_de_Parfum.jpg,Sweet
perfume_images\00617_Rahaba_Eau_de_Parfum.jpg,Sweet
perfume_images\00966_Warszawa_Parfum_Extrait.jpg,Woody
perfume_images\00496_Patchouli_in_Perfumery_Magazine.jpg,Woody
perfume_images\00194_Gardenia_Eau_de_Parfum.jpg,Amber_Oriental
perfume_images\00062_Tubereuse_Imperiale_Eau_de_Parfum.jpg,Floral
perfume_images\01883_Chergui_Eau_de_Parfum.jpg,Amber_Oriental
perfume_images\01824_Vetyverio_Eau_de_Toilette.jpg,Citrus
perfume_images\00537_Jardins_de_Misfah_Eau_de_Parfum.jpg,Spicy
perfume_images\01435_Pomelo_Paradis_Cologne_Absolue.jpg,Citrus
perfume_images\01953_Tubereuse_Couture_Eau_de_Parfum.jpg,Floral
perfume_images\01104_IA-33_Eau_de_Parfum.jpg,Floral
perfume_images\00279_Opoponax_Eau_de_Parfum.jpg,Amber_Oriental
perfume_images\00027_Amber_Eau_de_Parfum.jpg,Amber_Oriental
perfume_images\00008_Saringkarn_Extrait.jpg,Amber_Oriental
perfume_images\00852_Cap_Neroli_Eau_de_Toilette.jpg,Citrus
perfume_images\01315_Accord_119_-_Eau_de_Parfum.jpg,Amber_Oriental
perfume_images\00117_Lhomme_Accompli_Eau_de_Parfum.jpg,Woody
perfume_images\00469_Maruyama_Eau_de_Parfum.jpg,Woody
perfume_images\00182_OE_Eau_de_Parfum.jpg,Citrus
perfume_images\01982_Fiore_dAmbra_Eau_de_Parfum.jpg,Amber_Oriental
perfume_images\00955_Bojnokopff_Eau_de_Parfum.jpg,Woody
perfume_images\00411_Sedley_Eau_de_Parfum.jpg,Woody
perfume_images\01163_Falling_Trees_Eau_de_Parfum.jpg,Amber_Oriental
perfume_images\01693_Anbar.jpg,Amber_Oriental
perfume_images\00006_Exit_the_King_Eau_de_Parfum.jpg,Floral
perfume_images\01253_Bertrand_Duchaufour_Eau_de_Toilette.jpg,Spicy
perfume_images\01287_Bloody_Wood_Eau_de_Parfum.jpg,Floral
perfume_images\01984_Acqua_di_Sale_Eau_de_Parfum.jpg,Woody
perfume_images\00823_34_Boulevard_Saint_Germain_EDP_Eau_de_Parfum.jpg,Sweet
perfume_images\00778_Sanguine_Eau_de_Parfum.jpg,Citrus
perfume_images\00172_Mortal_Skin_Eau_de_Parfum.jpg,Amber_Oriental
perfume_images\01690_Route_Du_Vetiver_Eau_de_Parfum.jpg,Woody
perfume_images\01197_Russian_Leather_Eau_de_Parfum.jpg,Woody
perfume_images\00960_Intense_Black_Aoud_Extrait_de_Parfum.jpg,Woody
perfume_images\01365_Flowerhead_Eau_de_Parfum.jpg,Floral
perfume_images\00467_Tom_Yum_Eau_de_Parfum.jpg,Citrus
perfume_images\01173_Plein_Jeu_III-V_Extrait_de_Parfum.jpg,Woody
perfume_images\00791_Kampuchea_Noire_Oud_Oil.jpg,Woody
perfume_images\01029_Midnight_Special_Eau_de_Parfum.jpg,Spicy
perfume_images\00972_Attar_AT_Perfume_oil.jpg,Woody
perfume_images\00990_Gold_Knight_Eau_de_Parfum.jpg,Sweet
perfume_images\01338_Opus_1144_Eau_de_Parfum.jpg,Amber_Oriental
perfume_images\01962_Dulcis_in_Fundo_Eau_de_Parfum.jpg,Sweet
perfume_images\00361_Mamok_Eau_de_Parfum.jpg,Sweet
perfume_images\00294_B683_Eau_de_Parfum.jpg,Spicy
perfume_images\00932_No04_Bois_de_Balincourt-_Perfume_Oil_Perfume_Oil_Roll-On.jpg,Woody
perfume_images\01176_Bowmakers_Pocket_Perfume_Perfume_Oil.jpg,Amber_Oriental
perfume_images\01460_Nuit_Noire_Eau_de_Parfum.jpg,Spicy
perfume_images\01369_Oud_Imperial_Eau_de_Parfum.jpg,Woody
perfume_images\00804_Liquid_Illusion_Eau_de_Parfum.jpg,Amber_Oriental
perfume_images\00037_Citrus_Riviera_Eau_de_Parfum.jpg,Citrus
perfume_images\01843_Millesime_Imperial_Eau_de_Parfum.jpg,Citrus
perfume_images\00107_Venom_of_Angel_Eau_de_Parfum.jpg,Sweet
perfume_images\00480_Koiame_Eau_de_Parfum.jpg,Floral
perfume_images\01970_Gardenia_Eau_de_Parfum.jpg,Floral
perfume_images\00545_Aventus_Cologne_Eau_de_Parfum.jpg,Woody
perfume_images\00314_Roaring_Radcliff_Eau_de_Parfum.jpg,Spicy
perfume_images\00388_Sayat_Nova_Extrait_de_Parfum.jpg,Woody
perfume_images\00631_Original_Eau_de_Parfum.jpg,Spicy
perfume_images\01160_Oud_Wood_Body_Spray_Scented_Body_Spray.jpg,Woody
perfume_images\00705_Black_Leather_Eau_de_Parfum.jpg,Amber_Oriental
perfume_images\00746_Patiala_Extrait.jpg,Amber_Oriental
perfume_images\00420_Sultan_Musk_Attar_Perfume_Oil.jpg,Amber_Oriental
perfume_images\01169_Rose_Delight_Body_Oil_Scented_Body_Oil.jpg,Floral
perfume_images\00061_Rouge_Smoking_Eau_de_Parfum.jpg,Sweet
perfume_images\01456_Violettes_du_Czar_Eau_de_Parfum.jpg,Floral
perfume_images\00988_Oud_Satin_Mood_Extrait_Extrait_de_Parfum.jpg,Floral
perfume_images\00802_Dark_Lord_Eau_de_Parfum.jpg,Woody
perfume_images\00992_Berlin_Eau_de_Parfum.jpg,Woody
perfume_images\00080_Tahiti_Vanilla_Parfum.jpg,Citrus
perfume_images\00821_Santal_Nabataea_Eau_de_Parfum.jpg,Woody
perfume_images\00970_Aguamadera_Eau_de_Parfum.jpg,Woody
perfume_images\01020_Au_Bord_De_LEau_Eau_de_Cologne.jpg,Citrus
perfume_images\01479_Musc_Tonkin_Eau_de_Parfum.jpg,Amber_Oriental
perfume_images\01604_Playing_with_the_Devil_Eau_de_Parfum.jpg,Woody
perfume_images\00855_Just_Before_Eau_de_Parfum.jpg,Amber_Oriental
perfume_images\01145_Blessing_Silence_Eau_de_Parfum.jpg,Woody
perfume_images\01788_Antonia_Parfum_Extrait.jpg,Floral
perfume_images\00128_Wish_Come_True_Eau_de_Parfum.jpg,Amber_Oriental
perfume_images\01632_Private_Label_Eau_de_Parfum.jpg,Woody
perfume_images\01234_Aurum_Eau_de_Parfum.jpg,Citrus
perfume_images\00987_Revolution_Eau_de_Parfum.jpg,Woody
perfume_images\01770_Vetyver_-_Les_Nombres_dOr_Eau_de_Parfum.jpg,Spicy
perfume_images\01723_Bamboo_Harmony_Eau_de_Parfum.jpg,Citrus
perfume_images\00190_Vaniglia_Eau_de_Parfum.jpg,Sweet
perfume_images\00486_Mxxx_Extrait_de_Parfum.jpg,Woody
perfume_images\00828_Imperial_Crown_Eau_de_Parfum.jpg,Spicy
perfume_images\00905_Dead_of_Night_Oil_Perfume_Oil.jpg,Floral
perfume_images\01846_Virgin_Island_Water_Eau_de_Parfum.jpg,Citrus
perfume_images\00774_Savile_Eau_de_Parfum.jpg,Woody
perfume_images\00659_Splendiris_Eau_de_Parfum.jpg,Floral
perfume_images\00468_Natsumeku_Eau_de_Parfum.jpg,Citrus
perfume_images\00509_Oud_Maximus_Autumn_19_Extrait_de_Parfum.jpg,Floral
perfume_images\01361_Ryder_Eau_de_Parfum.jpg,Amber_Oriental
perfume_images\01430_Moon_Fever.jpg,Citrus
perfume_images\00650_Douce_Amere_Eau_de_Parfum.jpg,Floral
perfume_images\01028_Neroli_Ad_Astra_Eau_de_Parfum.jpg,Floral
perfume_images\00118_White_Madera_Eau_de_Parfum.jpg,Sweet
perfume_images\02031_Passage_dEnfer_Eau_de_Toilette.jpg,Amber_Oriental
perfume_images\00593_Arancia_di_Sicilia_Eau_de_Parfum.jpg,Amber_Oriental
perfume_images\01155_Macaque_Eau_de_Parfum.jpg,Woody
perfume_images\00731_Lair_Barbes_Eau_de_Parfum.jpg,Citrus
perfume_images\01696_Rose_Anonyme_Cologne_Absolue.jpg,Woody
perfume_images\00998_Kai_Rose_-_Eau_de_Parfum_Eau_de_Parfum_Spray.jpg,Floral
perfume_images\00013_LHomme_A_La_Rose_Eau_de_Parfum.jpg,Floral
perfume_images\00597_Petales_de_Cashmere_Eau_de_Parfum.jpg,Floral
perfume_images\01384_Safanad_Eau_de_Parfum.jpg,Citrus
perfume_images\01284_Sancti_Eau_de_Parfum.jpg,Amber_Oriental
perfume_images\00213_Vani_Choc_Eau_de_Parfum.jpg,Sweet
perfume_images\00447_LEau_A_La_Rose_Eau_de_Toilette.jpg,Floral
perfume_images\01478_FRANK_No_1_Eau_de_Parfum.jpg,Floral
perfume_images\02006_Coral_Perfume_Oil.jpg,Sweet
perfume_images\01996_Fou_dAbsinthe_Eau_de_Parfum.jpg,Spicy
perfume_images\01439_Bowmakers_Eau_de_Parfum.jpg,Amber_Oriental
perfume_images\01245_Maderas_Eau_de_Parfum.jpg,Woody
perfume_images\00999_Mosaic_Eau_de_Parfum.jpg,Woody
perfume_images\01864_Complex_Eau_de_Parfum.jpg,Amber_Oriental
perfume_images\00850_Zest_Marin_Eau_de_Parfum.jpg,Citrus
perfume_images\01526_Deja_le_Printemps_Eau_de_Parfum.jpg,Woody
perfume_images\00857_Rehab_Extrait_de_Parfum.jpg,Woody
perfume_images\01310_Kemi_Eau_de_Parfum.jpg,Woody
perfume_images\02058_Luctor_et_Emergo_-_Eau_de_Parfum.jpg,Sweet
perfume_images\01202_Jasmin_Kama_Eau_de_Parfum.jpg,Woody
perfume_images\00797_Noble_XXI_Cypress_Parfum.jpg,Spicy
perfume_images\00714_Paper_Soap_Eau_de_Parfum.jpg,Floral
perfume_images\00145_Oud_Rouge_Intense_Eau_de_Parfum.jpg,Woody
perfume_images\01340_The_Noir_29_Eau_de_Parfum.jpg,Woody
perfume_images\01044_Frangipani_Eau_de_Parfum.jpg,Floral
perfume_images\00444_Peregrina_Extrait_de_Parfum.jpg,Amber_Oriental
perfume_images\00679_No_9_Bukhoor_Elixir_de_Parfum.jpg,Amber_Oriental
perfume_images\00548_Bois_Sacre_Parfum.jpg,Woody
perfume_images\00815_Kings_Wood_Fragrance_Concentree.jpg,Spicy
perfume_images\01050_United_Arab_Emirates_Aoud_Extrait_de_Parfum.jpg,Floral
perfume_images\00033_Escentric_05_-_Travel_Spray_Eau_de_Toilette.jpg,Floral
perfume_images\01110_Santal_du_Pacifique_Eau_de_Parfum.jpg,Woody
perfume_images\01116_Tomboy_Neroli_Eau_de_Parfum.jpg,Citrus
perfume_images\00698_Isle_of_Man_Eau_de_Parfum.jpg,Citrus
perfume_images\01959_Iskander_Eau_de_Parfum.jpg,Citrus
perfume_images\00369_Eau_De_Parfum_Eau_de_Parfum.jpg,Citrus
perfume_images\01565_Sugi_Eau_de_Toilette.jpg,Woody
perfume_images\01470_Camellia_Eau_de_Parfum.jpg,Floral
perfume_images\01704_Tokyo_Bloom_Eau_de_Toilette.jpg,Amber_Oriental
perfume_images\00686_Oud_Dream_Eau_de_Parfum.jpg,Woody
perfume_images\01330_LAVS_Parfum_Extrait.jpg,Spicy
perfume_images\00874_Moth_Extrait_de_Parfum.jpg,Spicy
perfume_images\00680_Beaute_du_Diable_Eau_de_Parfum.jpg,Citrus
perfume_images\00843_Mon_Vetiver_Eau_de_Parfum.jpg,Woody
perfume_images\01897_Neroli_Eau_de_Parfum.jpg,Citrus
perfume_images\00025_Puritas_Eau_de_Parfum.jpg,Floral
perfume_images\00247_Beachwood_Eau_de_Parfum.jpg,Citrus
perfume_images\01117_Woody_Perfecto_Eau_de_Parfum.jpg,Woody
perfume_images\01144_Almond_Harmony_Eau_de_Parfum.jpg,Sweet
perfume_images\00335_Jardin_du_Poete_Eau_de_Toilette.jpg,Citrus
perfume_images\00280_Patchouli_Precieux_Eau_de_Parfum.jpg,Woody
perfume_images\00010_Nocturnal_Poetry_Parfum.jpg,Floral
perfume_images\01370_Rose_de_Taif_Eau_de_Parfum.jpg,Floral
perfume_images\00547_Velvet_Rouge.jpg,Spicy
perfume_images\00909_Melt_my_Heart_Oil_Perfume_Oil.jpg,Spicy
perfume_images\01321_Venenum_Kiss_Eau_de_Parfum.jpg,Spicy
perfume_images\01518_Vetiver_Royal_Bourbon_Eau_de_Parfum.jpg,Woody
perfume_images\00020_Gris_Charnel_Eau_de_Parfum.jpg,Woody
perfume_images\01674_Black_Amber.jpg,Woody
perfume_images\00308_Une_Amourette_Roland_Mouret_Eau_de_Parfum.jpg,Floral
perfume_images\00140_Oud_Noir_Intense_Eau_de_Parfum.jpg,Woody
perfume_images\01083_Rosa_Greta_Eau_de_Parfum.jpg,Floral
perfume_images\01242_Le_Musc_La_Peau_Eau_de_Parfum.jpg,Woody
perfume_images\01939_Roses_Musk_Eau_de_Parfum.jpg,Floral
perfume_images\00762_Amber_Kiso_Eau_de_Parfum.jpg,Woody
perfume_images\00346_Trajan_Eau_de_Parfum.jpg,Citrus
perfume_images\00378_Pure_Oud_Pure_Oud_Oil.jpg,Woody
perfume_images\00870_Hyrax_Extrait_de_Parfum.jpg,Amber_Oriental
perfume_images\00660_Rose_Of_No_Mans_Land_Hair_Perfume.jpg,Floral
perfume_images\00695_Hindu_Kush_Eau_de_Parfum.jpg,Spicy
perfume_images\01837_Aqua_Universalis_Eau_de_Toilette.jpg,Citrus
perfume_images\01763_Oudh_Osmanthus_Eau_de_Parfum.jpg,Woody
perfume_images\00249_Eau_Divine_Eau_de_Parfum.jpg,Spicy
perfume_images\00353_Iridescent_Sky_Eau_de_Parfum.jpg,Citrus
perfume_images\00312_1969_Travel_Spray_Eau_de_Parfum.jpg,Spicy
perfume_images\01768_Tubereuse_-_Les_Nombres_dOr_Eau_de_Parfum.jpg,Amber_Oriental
perfume_images\01076_Aprilis_Parfum.jpg,Floral
perfume_images\00288_Fougere_LAube_Eau_de_Toilette.jpg,Floral
perfume_images\00482_Wood_Flake_Eau_de_Parfum.jpg,Woody
perfume_images\00947_Shiragoromo_Parfum.jpg,Floral
perfume_images\01863_Reflection_Man_Eau_de_Parfum.jpg,Woody
perfume_images\00159_Madagascan_Jasmine_Eau_de_Parfum.jpg,Floral
perfume_images\01550_Baudelaire_Eau_de_Parfum.jpg,Amber_Oriental
perfume_images\00453_Hongkong_Oolong_Eau_de_Parfum.jpg,Spicy
perfume_images\01877_Dia_Man_Eau_de_Parfum.jpg,Amber_Oriental
perfume_images\01080_Obscuro_Parfum.jpg,Amber_Oriental
perfume_images\02011_Number_One_Intense_Eau_de_Parfum.jpg,Floral
perfume_images\00244_Estroverso_Eau_de_Parfum.jpg,Citrus
perfume_images\01125_Bracken_Woman_Eau_de_Parfum.jpg,Woody
perfume_images\01376_Salt_Caramel_Eau_de_Parfum.jpg,Sweet
perfume_images\00287_Eau_Capitale_Eau_de_Parfum.jpg,Floral
perfume_images\01038_Montabaco_-_Parfum.jpg,Floral
perfume_images\01030_Suede_de_Suede_Eau_de_Parfum.jpg,Woody
perfume_images\00728_Chinese_Tobacco_Eau_de_Parfum.jpg,Woody
perfume_images\01177_Debaser_Pocket_Perfume_Perfume_Oil.jpg,Sweet
perfume_images\01105_Kai_Rose_-_Perfume_Oil_Roll-on_Perfume_Oil.jpg,Floral
perfume_images\00991_Eau_My_Soul_Eau_de_Parfum.jpg,Amber_Oriental
perfume_images\00220_Iridium_Eau_de_Parfum.jpg,Woody
perfume_images\00517_Tabac_Vert_Eau_de_Toilette.jpg,Floral
perfume_images\01961_Confetto_Eau_de_Parfum.jpg,Amber_Oriental
perfume_images\01583_Rouge_Avignon_Eau_de_Parfum.jpg,Woody
perfume_images\00351_Phtaloblue_Eau_de_Parfum.jpg,Citrus
perfume_images\01154_Rhinoceros_Extrait_de_Parfum.jpg,Woody
perfume_images\01905_Five_OClock_Au_Gingembre_Eau_de_Parfum.jpg,Spicy
perfume_images\01333_Aoud_Vanille_Eau_de_Parfum.jpg,Spicy
perfume_images\01836_Fleur_Nocturne_Eau_de_Parfum.jpg,Floral
perfume_images\01213_Diaghilev_Extrait_de_Parfum.jpg,Woody
perfume_images\00756_Oud_Wood_Travel_Atomizer.jpg,Woody
perfume_images\01569_Hinoki_Eau_de_Toilette.jpg,Woody
perfume_images\01238_Amber_Room_Eau_de_Parfum.jpg,Woody
perfume_images\00579_Neroli_Intense_Eau_de_Parfum.jpg,Citrus
perfume_images\00841_Orange_X_Santal_Eau_de_Parfum.jpg,Citrus
perfume_images\01742_Dolce_Acqua_Eau_de_Parfum.jpg,Sweet
perfume_images\01187_Black_Uddu_Eau_de_Parfum.jpg,Amber_Oriental
perfume_images\01511_Bohemian_Spice_Eau_de_Parfum.jpg,Woody
perfume_images\01257_Azzurro_di_Capri_Extrait_Parfum_Extrait.jpg,Citrus
perfume_images\01433_Italian_Leather_Eau_de_Parfum.jpg,Amber_Oriental
perfume_images\00963_Black_Vanilla_Eau_de_Parfum.jpg,Floral
perfume_images\00427_Rose_Du_Bois_Attar_Perfume_Oil.jpg,Spicy
perfume_images\01380_Fleur_de_Portofino_Eau_de_Parfum.jpg,Citrus
perfume_images\01279_Ennui_Noir_Parfum_Extrait.jpg,Woody
perfume_images\01876_Dia_Woman_Eau_de_Parfum.jpg,Floral
perfume_images\01681_Interlude_Woman.jpg,Amber_Oriental
perfume_images\01603_Intense_Cafe_Eau_de_Parfum.jpg,Amber_Oriental
perfume_images\00934_No10_Aboukir-_Perfume_Oil_Perfume_Oil_Roll-On.jpg,Woody
perfume_images\00606_Rose_de_Jamal_Eau_de_Parfum.jpg,Floral
perfume_images\01819_Uden_Eau_de_Parfum.jpg,Citrus
perfume_images\00171_Fougere_Nobile_Eau_de_Parfum.jpg,Woody
perfume_images\01158_Beaver_Eau_de_Parfum.jpg,Amber_Oriental
perfume_images\01916_Domenico_Caraceni_1913_Eau_de_Toilette.jpg,Floral
perfume_images\01378_Oud_Alif_Fragrance_ConcentrÃe.jpg,Woody
perfume_images\01261_Carved_Oud_Extrait_de_Parfum.jpg,Woody
perfume_images\00185_Cristallo_di_Rocca_Eau_de_Parfum.jpg,Floral
perfume_images\00393_Greek_Keys_Extrait_de_Parfum.jpg,Citrus
perfume_images\01472_Bouquet_Ideale_Eau_de_Parfum.jpg,Spicy
perfume_images\00127_Panthea_Eau_de_Parfum.jpg,Floral
perfume_images\01025_Mandala_Eau_de_Parfum.jpg,Spicy
perfume_images\01278_By_Any_Other_Name_Eau_de_Parfum.jpg,Floral
perfume_images\01063_Suede_et_Safran_Extrait_de_Parfum.jpg,Spicy
perfume_images\00381_Moss_Cologne_Eau_de_Parfum.jpg,Citrus
perfume_images\01715_Noir_Patchouli_Eau_de_Parfum.jpg,Woody
perfume_images\01499_Sotto_La_Luna_Gardenia_Eau_de_Parfum.jpg,Floral
perfume_images\01754_Indochine_Eau_de_Toilette.jpg,Spicy
perfume_images\01226_Vodka_on_the_Rocks_Eau_de_Parfum.jpg,Floral
perfume_images\01718_1740_Marquis_de_Sade_Eau_de_Parfum.jpg,Woody
perfume_images\01535_Diamond_Perfume_Oil.jpg,Amber_Oriental
perfume_images\00105_Bluebijou_Eau_de_Parfum.jpg,Amber_Oriental
perfume_images\00339_Philosykos_-_Eau_de_Toilette.jpg,Woody
perfume_images\00562_Zemfira_Extrait_de_Parfum.jpg,Woody
perfume_images\00546_Harem_Soiree_Parfum.jpg,Amber_Oriental
perfume_images\00550_Sucre_Noir_Parfum.jpg,Sweet
perfume_images\00368_Scotch_Peat_Eau_de_Parfum.jpg,Sweet
perfume_images\00645_Haute_Provence_Eau_de_Cologne.jpg,Floral
perfume_images\00409_Oud_Du_Bois_Attar_Perfume_Oil.jpg,Woody
perfume_images\01901_Sienne_lHiver_Eau_de_Toilette.jpg,Floral
perfume_images\00788_Red_Square_Eau_de_Parfum.jpg,Amber_Oriental
perfume_images\01405_Grisette_Eau_de_Parfum.jpg,Amber_Oriental
perfume_images\01325_Oriento_Parfum_Extrait.jpg,Woody
perfume_images\01250_Sweet_Vanilla_Eau_de_Parfum.jpg,Sweet
perfume_images\00043_Poets_of_Berlin_Eau_de_Parfum.jpg,Woody
perfume_images\00204_Shihan_Eau_de_Parfum.jpg,Amber_Oriental
perfume_images\01973_Brulure_de_Rose_Eau_de_Parfum.jpg,Floral
perfume_images\01153_Dandelion_Fig_Eau_de_Parfum.jpg,Citrus
perfume_images\01805_XJ_Richwood_Eau_de_Parfum.jpg,Woody
perfume_images\00678_No_8_Tonic_Vert_Eau_de_Parfum.jpg,Citrus
perfume_images\00790_Changing_Constance_Eau_de_Parfum.jpg,Sweet
perfume_images\01578_Jaisalmer_Eau_de_Toilette.jpg,Amber_Oriental
perfume_images\00431_Mriga_Parfum.jpg,Woody
perfume_images\00248_Sugarwood_Eau_de_Parfum.jpg,Floral
perfume_images\01185_Into_The_Void_Eau_de_Parfum.jpg,Woody
perfume_images\01544_Bal_dAfrique_Eau_de_Parfum.jpg,Citrus
perfume_images\01668_Oud_27_Perfume_Oil_Perfume_oil.jpg,Woody
perfume_images\01299_Night_Flower_Eau_de_Parfum.jpg,Spicy
perfume_images\01074_Sticky_Cake_Eau_de_Toilette.jpg,Sweet
perfume_images\00229_Mon_Nom_Est_Rouge_Eau_de_Parfum.jpg,Spicy
perfume_images\01166_Clementine_California_Cologne_Absolue.jpg,Woody
perfume_images\00779_Clair_Obscur_Eau_de_Parfum.jpg,Floral
perfume_images\01046_Ormonde_Man_Eau_de_Parfum.jpg,Woody
perfume_images\01551_La_Tulipe_Eau_de_Parfum.jpg,Woody
perfume_images\01484_Patchouli_Absolu_Eau_de_Parfum.jpg,Woody
perfume_images\01319_Musc_Infini_Eau_de_Parfum.jpg,Amber_Oriental
perfume_images\00258_Patchouly_Indonesiano_Parfum.jpg,Woody
perfume_images\00347_Black_Caviar_Eau_de_Parfum.jpg,Woody
perfume_images\01890_Blenheim_Bouquet_Eau_de_Toilette.jpg,Citrus
perfume_images\00075_Golden_Moka_Eau_de_Parfum.jpg,Citrus
perfume_images\00114_Grimoire_Eau_de_Parfum.jpg,Woody
perfume_images\00142_London_Oud_Eau_de_Parfum.jpg,Woody
perfume_images\01196_Mmmm_Eau_de_Parfum.jpg,Floral
perfume_images\00495_Hedonist_Rose_Absolute_Eau_de_Parfum.jpg,Woody
perfume_images\01271_Super_Cedar_Eau_de_Parfum.jpg,Woody
perfume_images\01834_03_Century_Eau_de_Parfum.jpg,Amber_Oriental
perfume_images\00803_Princesses_de_Malabar_Eau_de_Parfum.jpg,Floral
perfume_images\01707_Bubblegum_Chic_Extrait_de_Parfum.jpg,Floral
perfume_images\00503_Creation-E_Parfum_Cologne.jpg,Spicy
perfume_images\01976_Leau_Rare_Matale_Eau_de_Toilette.jpg,Woody
perfume_images\00888_Fleur_de_Lalita_Eau_de_Parfum.jpg,Floral
perfume_images\01123_Black_Phantom_Eau_de_Parfum.jpg,Sweet
perfume_images\01251_Oudmazing_Eau_de_Parfum.jpg,Citrus
perfume_images\00973_French_Affair_Eau_de_Parfum.jpg,Woody
perfume_images\01252_LAttesa_Eau_de_Parfum.jpg,Floral
perfume_images\02030_Premier_Figuier_Eau_de_Toilette.jpg,Sweet
perfume_images\01404_Oud_Satin_Mood_Eau_de_Parfum.jpg,Floral
perfume_images\01467_Hedonist_Rose_Eau_de_Parfum.jpg,Amber_Oriental
perfume_images\01324_Hauto_Parfum_Extrait.jpg,Floral
perfume_images\00749_XJ_Amber_Gold_Rose_Gold_Collection_Eau_de_Parfum.jpg,Amber_Oriental
perfume_images\01923_Un_Bois_Vanille_Eau_de_Parfum.jpg,Sweet
perfume_images\01760_Peppermint_Eau_de_Toilette.jpg,Spicy
perfume_images\00064_Wood_Jasmin_Eau_de_Parfum.jpg,Floral
perfume_images\00352_Kira_Kira_Eau_de_Parfum.jpg,Floral
perfume_images\01132_Arcana_Rosa_Eau_de_Parfum.jpg,Woody
perfume_images\01978_Geisha_Marron_roll-on_Perfume_Oil.jpg,Citrus
perfume_images\01427_Lalibela_Eau_de_Parfum.jpg,Floral
perfume_images\01612_Acqua_Decima_Eau_de_Toilette.jpg,Citrus
perfume_images\01507_Precious_Woods_Eau_de_Parfum.jpg,Woody
perfume_images\00385_Sloth_Extrait_de_Parfum.jpg,Floral
perfume_images\01466_Blue_Hope_Eau_de_Parfum.jpg,Citrus
perfume_images\00556_Fucking_Fabulous_Travel_Atomizer_Eau_de_Parfum.jpg,Sweet
perfume_images\00931_Fabulous_Eau_de_Parfum.jpg,Sweet
perfume_images\00572_Isfarkand_Elixir_Parfum.jpg,Citrus
perfume_images\00824_Hemingway_Eau_de_Parfum.jpg,Woody
perfume_images\00103_Against_Nature_Eau_de_Parfum.jpg,Woody
perfume_images\00502_Elysium_Parfum_Cologne.jpg,Woody
perfume_images\01771_Dark_Aoud_Eau_de_Parfum.jpg,Woody
perfume_images\00775_Mulholland_Eau_de_Parfum.jpg,Woody
perfume_images\02016_Vetyver_Eau_de_Toilette.jpg,Spicy
perfume_images\00419_Bliss_du_Boche_Oud_Pure_Oud.jpg,Floral
perfume_images\00289_Medie_Eau_de_Parfum.jpg,Citrus
perfume_images\00446_Peau_dAmbre_Eau_de_Parfum.jpg,Amber_Oriental
perfume_images\00626_2_Candle.jpg,Woody
perfume_images\01945_Promesse_de_lAube_Eau_de_Parfum.jpg,Citrus
perfume_images\01109_Absolue_dOsmanthe_Eau_de_Parfum.jpg,Floral
perfume_images\01527_Jardins_dArmide_Eau_de_Parfum.jpg,Floral
perfume_images\01498_California_Reverie_Eau_de_Parfum.jpg,Citrus
perfume_images\01906_Red_Aoud_Eau_de_Parfum.jpg,Woody
perfume_images\00591_Mandarino_di_Sicilia_Eau_de_Parfum.jpg,Citrus
perfume_images\00734_LHomme_Aux_Gants_Eau_de_Parfum.jpg,Woody
perfume_images\00236_Emir_Eau_de_parfum.jpg,Woody
perfume_images\01162_Glass_Blooms_Eau_de_Parfum.jpg,Floral
perfume_images\01587_Champaca_Absolute_Eau_de_Parfum.jpg,Floral
perfume_images\01567_Green_Eau_de_Toilette.jpg,Woody
perfume_images\00151_Taklamakan_Eau_de_Parfum.jpg,Amber_Oriental
perfume_images\00962_Ummagumma_Eau_de_Parfum.jpg,Sweet
perfume_images\01786_Fougere_Royale_Eau_de_Parfum.jpg,Floral
perfume_images\00839_Hyouge_Eau_de_Parfum.jpg,Floral
perfume_images\01039_Montabaco_-_Intensivo.jpg,Floral
perfume_images\01574_Nemer_Eau_de_Parfum.jpg,Woody
perfume_images\01407_Sans_Un_Mot_Extrait_de_Parfum.jpg,Floral
perfume_images\01570_Oud_Wood_Eau_de_Parfum.jpg,Woody
perfume_images\01854_Epic_Woman_Eau_de_Parfum.jpg,Woody
perfume_images\00956_Slowdive_Eau_de_Parfum.jpg,Citrus
perfume_images\00733_Fleurs_de_Citronnier_Eau_de_Parfum.jpg,Citrus
perfume_images\01542_Montecristo_Eau_de_Parfum.jpg,Woody
perfume_images\01062_Sultan_Vetiver_Extrait_de_Parfum.jpg,Woody
perfume_images\00687_Holy_Water_Eau_de_Parfum.jpg,Citrus
perfume_images\00567_Labyrinth_Of_Spices_Extrait_de_Parfum.jpg,Spicy
perfume_images\00405_Ishtar_Eau_de_Toilette.jpg,Amber_Oriental
perfume_images\00986_Olim_Eau_de_Parfum.jpg,Amber_Oriental
perfume_images\00274_Lui_Eau_de_Toilette.jpg,Woody
perfume_images\01486_Capri_Forget_Me_Not_Parfum.jpg,Citrus
perfume_images\00672_No_2_Seve_Nouvelle_Eau_de_Parfum.jpg,Spicy
perfume_images\01448_Tagete_Eau_de_Parfum.jpg,Floral
perfume_images\00201_Tobacco_Rose_Eau_de_Parfum.jpg,Floral
perfume_images\01247_Rosas_Secas_Eau_de_Parfum.jpg,Floral
perfume_images\01260_Colonia_No_4_Eau_de_Cologne.jpg,Floral
perfume_images\01170_Au_Dela_Narcisse_Eau_de_Parfum.jpg,Citrus
perfume_images\01203_T_Habanero_Eau_de_Parfum.jpg,Spicy
perfume_images\01946_Rose_de_Siwa_Eau_de_Parfum.jpg,Floral
perfume_images\00633_Wonderwood_Eau_de_Parfum.jpg,Woody
perfume_images\00193_Rudis_Eau_de_Parfum.jpg,Woody
perfume_images\02002_Mechant_Loup_Eau_de_Toilette.jpg,Sweet
perfume_images\01758_Cinnamon_Eau_de_Toilette.jpg,Amber_Oriental
perfume_images\00399_Proxima_Eau_de_Parfum.jpg,Floral
perfume_images\01764_Back_to_Black_Eau_de_Parfum_-.jpg,Woody
perfume_images\01593_Tuscan_Leather_Eau_de_Parfum.jpg,Floral
perfume_images\00178_LEtre_Aime_-_Homme_Eau_de_Parfum.jpg,Woody
perfume_images\00221_Salvia_Sclarea_Eau_de_Parfum.jpg,Floral
perfume_images\01052_Le_Sillage_Blanc_Eau_de_Parfum.jpg,Citrus
perfume_images\01956_Ambre_Russe_Eau_de_Parfum.jpg,Amber_Oriental
perfume_images\00318_Ilm_Parfum.jpg,Woody
perfume_images\01581_Lentisque_Eau_de_Toilette.jpg,Woody
perfume_images\00133_Il_Tempo_delle_Mele_Eau_de_Parfum.jpg,Sweet
perfume_images\01954_Anne_Pliska_-_Eau_de_Parfum.jpg,Amber_Oriental
perfume_images\01625_Coal_Eau_de_Parfum.jpg,Woody
perfume_images\00922_Impressions_de_Giverny_Eau_de_Parfum.jpg,Citrus
perfume_images\02028_Mure_et_Musc_Eau_de_Toilette.jpg,Amber_Oriental
perfume_images\00570_Kintsugi_Eau_de_Parfum.jpg,Floral
perfume_images\00076_Oud_Stars_-_Indochine_Parfum.jpg,Floral
perfume_images\00067_Black_Beard_Extrait_de_Parfum.jpg,Floral
perfume_images\01536_11_-_Semma_Eau_de_Parfum.jpg,Spicy
perfume_images\00954_Maduro_Eau_de_Parfum.jpg,Woody
perfume_images\00458_Cigar_Rum_Intense_Extrait_de_Parfum.jpg,Amber_Oriental
perfume_images\00643_Lustre_Eau_de_Parfum.jpg,Floral
perfume_images\00206_Oumma_Eau_de_Parfum.jpg,Floral
perfume_images\00022_Blackberry_Woods_Eau_de_Parfum.jpg,Citrus
perfume_images\00224_Orgasmo_Eau_de_Parfum.jpg,Sweet
perfume_images\00813_Flash_Back_In_New_York_Eau_de_Parfum.jpg,Floral
perfume_images\01830_Gardenia_Petale_Eau_de_Parfum.jpg,Floral
perfume_images\01347_Elite_Eau_de_Toilette.jpg,Woody
perfume_images\00829_Sceptre.jpg,Amber_Oriental
perfume_images\02020_Vanilla_perfume_oil.jpg,Sweet
perfume_images\01851_Midnight_Oud_Eau_de_Parfum.jpg,Woody
perfume_images\01410_Musc_Extrait_Extrait_de_Parfum.jpg,Floral
perfume_images\01420_Bal_DAfrique_Roll-on_Oil_Perfume_Oil.jpg,Citrus
perfume_images\00387_9mm_Eau_de_Parfum.jpg,Spicy
perfume_images\01847_Acqua_Fiorentina_Eau_de_Parfum.jpg,Citrus
perfume_images\00332_Bois_dAscese_Eau_de_Parfum.jpg,Amber_Oriental
perfume_images\00538_Suma_Oriental_Eau_de_Parfum.jpg,Woody
perfume_images\00129_MEM_Eau_de_Parfum.jpg,Floral
perfume_images\00532_Plumeria_de_Orris_Extrait_de_Parfum.jpg,Woody
perfume_images\00448_Rose_Prick_Eau_de_Parfum.jpg,Floral
perfume_images\00522_Soleil_Neige_Eau_de_Parfum.jpg,Floral
perfume_images\01151_The_Noir_29_Perfume_Oil.jpg,Woody
perfume_images\01289_Tellus_Eau_de_Parfum.jpg,Woody
perfume_images\02008_Verveine_dEugene_Eau_de_Parfum.jpg,Amber_Oriental
perfume_images\01015_The_Ruthless_Countess_Dorothea_Eau_de_Parfum.jpg,Spicy
perfume_images\00748_Escentric_04_-_Travel_Spray_Eau_de_Toilette.jpg,Citrus
perfume_images\00609_Nefs_Extrait_de_Parfum.jpg,Floral
perfume_images\00144_Oud_Bleu_Intense_Eau_de_Parfum.jpg,Amber_Oriental
perfume_images\01813_Une_Rose_Vermeille_Eau_de_Parfum.jpg,Floral
perfume_images\00255_Onice_Eau_de_Parfum.jpg,Floral
perfume_images\01396_Fiero_Eau_de_Parfum.jpg,Citrus
perfume_images\01957_Cuir_Ottoman_Eau_de_Parfum.jpg,Amber_Oriental
perfume_images\00500_Zdravetz_Eau_de_Parfum.jpg,Citrus
perfume_images\01316_Purple_Reign_Eau_de_Parfum.jpg,Floral
perfume_images\01239_Gothic_V-_Perfume_oil_Perfume_Oil_Roll-On.jpg,Amber_Oriental
perfume_images\01387_Herod_Eau_de_Parfum.jpg,Woody
perfume_images\00457_Burning_Ben_Eau_de_Parfum.jpg,Amber_Oriental
perfume_images\00717_Cuir_Mauresque_Eau_de_Parfum.jpg,Amber_Oriental
perfume_images\01097_The_Soft_Lawn_Eau_de_Parfum.jpg,Woody
perfume_images\01428_Shams_Oud.jpg,Spicy
perfume_images\00559_Squid_Extrait_de_Parfum.jpg,Amber_Oriental
perfume_images\00349_Vixere_Eau_de_Parfum.jpg,Citrus
perfume_images\01562_Black_Eau_de_Toilette.jpg,Spicy
perfume_images\01286_Dom_Rosa_Eau_de_Parfum.jpg,Woody
perfume_images\00624_Gosha_Rubchinskiy_Eau_de_Toilette.jpg,Woody
perfume_images\00254_Madera_Eau_de_Parfum.jpg,Sweet
perfume_images\01057_Zenne_Extrait_de_Parfum.jpg,Amber_Oriental
perfume_images\00049_Kurokami_Parfum.jpg,Floral
perfume_images\01051_La_Douceur_de_Siam_Eau_de_Parfum.jpg,Floral
perfume_images\01143_Grape_Pearls_Eau_de_Parfum.jpg,Amber_Oriental
perfume_images\00636_Wonderoud_Eau_de_Parfum.jpg,Woody
perfume_images\01610_Knize_Forest_Eau_de_Toilette.jpg,Floral
perfume_images\00390_Oud_Stars_-_Alexandria_III_Parfum.jpg,Floral
perfume_images\01699_Kiss_My_Name_Eau_de_Parfum.jpg,Floral
perfume_images\00691_Oud_Caravan_No_1_Eau_de_Parfum.jpg,Woody
perfume_images\01804_Smart_Eau_de_Parfum.jpg,Floral
perfume_images\00056_Eau_de_Yuzu_Eau_de_Toilette.jpg,Citrus
perfume_images\01244_Coco_Coco_Eau_de_Parfum.jpg,Sweet
perfume_images\01762_Honour_Woman_Eau_de_Parfum.jpg,Floral
perfume_images\01631_Gothic_III_-_Eau_de_Parfum.jpg,Amber_Oriental
perfume_images\00668_Easy_To_Love_Eau_de_Parfum.jpg,Sweet
perfume_images\00325_Moon_Bloom_Eau_de_Parfum.jpg,Floral
perfume_images\00348_Capua_Eau_de_Parfum.jpg,Woody
perfume_images\00460_Lumberjack_Cologne_Eau_de_Parfum.jpg,Citrus
perfume_images\01740_Pluie_de_Soleil_Eau_de_Toilette.jpg,Citrus
perfume_images\00414_Oud_Dhul_Kifl_Organic_Oud_Pure_Oud.jpg,Amber_Oriental
perfume_images\01708_Chypre_Palatin_Eau_de_Parfum.jpg,Floral
perfume_images\01343_African_Leather_Eau_de_Parfum.jpg,Woody
perfume_images\01400_1861_-_Naxos_Eau_de_Parfum.jpg,Sweet
perfume_images\01090_Remarkable_People_Eau_de_Parfum.jpg,Spicy
perfume_images\00551_Oeilleres_Parfum_Extrait.jpg,Amber_Oriental
perfume_images\00210_O_Hira_Eau_de_Parfum.jpg,Amber_Oriental
perfume_images\01510_Liquid_Dreams_Eau_de_Parfum.jpg,Citrus
perfume_images\01218_Blueberry_Musk_Eau_de_Parfum.jpg,Citrus
perfume_images\01675_Vanilla_Marble_Eau_de_Parfum.jpg,Sweet
perfume_images\00376_Bohemian_Lime_Parfum_Concentrate.jpg,Woody
perfume_images\01417_Five_Eau_de_Parfum.jpg,Citrus
perfume_images\01912_Incense_extreme_Eau_de_Parfum.jpg,Amber_Oriental
perfume_images\02066_1270_Eau_de_Parfum.jpg,Sweet
perfume_images\01493_Feminin_Pluriel_Eau_de_Parfum.jpg,Floral
perfume_images\01706_Agarwoud_Extrait_de_Parfum.jpg,Amber_Oriental
perfume_images\01513_Rose_LOrange_Eau_de_Parfum.jpg,Citrus
perfume_images\00542_Bohemian_Soul_Eau_de_Parfum.jpg,Woody
perfume_images\01929_Black_Tourmaline_Eau_de_Parfum.jpg,Amber_Oriental
perfume_images\01626_Gothic_II_-_Perfume_Oil_Roll-on_perfume_oil.jpg,Woody
perfume_images\01280_Symphonie_Passion_Parfum_Extrait.jpg,Woody
perfume_images\02033_Gendarme_-_Eau_de_Cologne.jpg,Floral
perfume_images\02015_Cologne_Sologne_Eau_de_Cologne.jpg,Citrus
perfume_images\00851_Dent_de_Lait_Eau_de_Parfum.jpg,Sweet
perfume_images\00041_Purple_Fig_Eau_de_Parfum.jpg,Woody
perfume_images\00583_Cuoio_Dei_Dolci_Eau_de_Parfum.jpg,Sweet
perfume_images\00186_Morning_Muscs_Eau_de_Parfum.jpg,Floral
perfume_images\00108_Hili_Eau_de_Parfum.jpg,Woody
perfume_images\00439_Trimerous_Eau_de_Parfum.jpg,Amber_Oriental
perfume_images\01362_Venetian_Bergamot_Eau_de_Parfum.jpg,Spicy
perfume_images\01138_Musc_Gold_Perfume_Oil.jpg,Floral
perfume_images\01965_Vanille_Absolu_Eau_de_Parfum.jpg,Spicy
perfume_images\01277_The_exact_friction_of_stars_Eau_de_Parfum.jpg,Sweet
perfume_images\01685_Forbidden_Games_Eau_de_Parfum.jpg,Floral
perfume_images\01368_Bois_dOud_Eau_de_Parfum.jpg,Woody
perfume_images\01792_Knize_Ten_Golden_Edition_Eau_de_Toilette.jpg,Floral
perfume_images\01106_Blossom_Love_Eau_de_Parfum.jpg,Sweet
perfume_images\00243_Patchouli_Nobile_Eau_de_Parfum.jpg,Woody
perfume_images\00109_Niral_Eau_de_Parfum.jpg,Floral
perfume_images\01026_Qatar_Extrait_de_parfum.jpg,Woody
perfume_images\00781_Loukhoum_Eau_de_Parfum.jpg,Sweet
perfume_images\00322_JF_Eau_de_Toilette.jpg,Citrus
perfume_images\00510_Vetiver_Nocturne_Autumn_19_Extrait_de_Parfum.jpg,Woody
perfume_images\00941_Tsuki_Eau_de_Parfum.jpg,Citrus
perfume_images\01831_Orchidee_Vanille_Eau_de_Parfum.jpg,Sweet
perfume_images\01611_Champaca_Eau_de_Toilette.jpg,Spicy
perfume_images\00702_Hisui_Jade_Eau_de_Parfum.jpg,Citrus
perfume_images\00638_Floriental_Eau_de_Parfum.jpg,Woody
perfume_images\01041_Qi_-_Intensivo.jpg,Amber_Oriental
perfume_images\00149_Queen_Of_The_Night_Eau_de_Parfum.jpg,Floral
perfume_images\00203_2022_Generation_Homme_Eau_de_Parfum.jpg,Woody
perfume_images\00011_Homa_Parfum.jpg,Spicy
perfume_images\01207_Lune_Feline_Eau_de_Parfum.jpg,Spicy
perfume_images\00134_Hot_Milk_Eau_de_Parfum.jpg,Spicy
perfume_images\00511_Love_Mimosa_Eau_de_Parfum.jpg,Floral
perfume_images\00072_Petits_Papiers_Eau_de_Parfum.jpg,Amber_Oriental
perfume_images\02061_Coquette_tropique.jpg,Sweet
perfume_images\01633_La_Liturgie_des_Heures_Eau_de_Parfum.jpg,Amber_Oriental
perfume_images\01192_Arabian_Horse_Eau_de_Parfum.jpg,Amber_Oriental
perfume_images\01969_Aoud_Cuir_dArabie_Eau_de_Parfum.jpg,Woody
perfume_images\00652_Iris_Silver_Mist_Eau_de_Parfum.jpg,Amber_Oriental
perfume_images\00622_Gardens_of_India_Eau_de_Parfum.jpg,Floral
perfume_images\01783_Versilia_Vintage_Ambra_Mediterranea_Eau_de_Parfum.jpg,Amber_Oriental
perfume_images\01300_Ma_Bete_Eau_de_Parfum.jpg,Woody
perfume_images\01208_Rose_Omeyyade_Eau_de_Parfum.jpg,Woody
perfume_images\01375_Blood_Oranges_Eau_de_Parfum.jpg,Amber_Oriental
perfume_images\01963_Fumidus_Eau_de_Parfum.jpg,Woody
perfume_images\00518_Mousse_Illuminee_Eau_de_Toilette.jpg,Amber_Oriental
perfume_images\01637_Lumiere_Blanche_Eau_de_Parfum.jpg,Woody
perfume_images\01497_LOrpheline_Eau_de_Parfum_-.jpg,Woody
perfume_images\01344_Chrysolithe_Eau_de_Parfum.jpg,Spicy
perfume_images\01459_03_Apr_1968_Eau_de_Parfum.jpg,Amber_Oriental
perfume_images\01447_Erdenstern_Eau_de_Parfum.jpg,Amber_Oriental
perfume_images\01673_Lys_41_Perfume_Oil.jpg,Floral
perfume_images\01033_Bond-T_Extrait_de_Parfum.jpg,Sweet
perfume_images\01048_Santo_Incienso_Extrait_de_Parfum.jpg,Amber_Oriental
perfume_images\00295_Ramune_Japanese_Soda_Eau_de_Parfum.jpg,Floral
perfume_images\01248_Flor_de_Naranjo_Eau_de_Parfum.jpg,Citrus
perfume_images\00310_Wulong_Cha_Extrait_de_Parfum.jpg,Citrus
perfume_images\00100_Limited_71_Intense_Eau_de_Parfum.jpg,Woody
perfume_images\01849_Himalaya_Eau_de_Parfum.jpg,Citrus
perfume_images\00996_Cafe_Tuberosa_Cologne_Absolue.jpg,Floral
perfume_images\00212_Magnolia_Grandiflora_-_Sandrine_Eau_de_Parfum.jpg,Citrus
perfume_images\00423_Meet_Me_On_The_Corner_Eau_de_Parfum.jpg,Citrus
perfume_images\01331_Black_Prestigium_Eau_de_Parfum.jpg,Woody
perfume_images\01139_Musc_Gold_Extrait_Parfum_Extrait.jpg,Floral
perfume_images\01921_Fleurs_dOranger_Eau_de_Parfum.jpg,Floral
perfume_images\01034_Naias_Extrait_de_Parfum.jpg,Floral
perfume_images\00833_Zeybek_Extrait_de_Parfum.jpg,Citrus
perfume_images\01528_Reve_dOssian_Eau_de_Parfum.jpg,Amber_Oriental
perfume_images\00623_Blackpepper_Eau_de_Parfum.jpg,Woody
perfume_images\01249_Sable_Soleil_Eau_de_Parfum.jpg,Sweet
perfume_images\00139_Oud_Orange_Intense_Eau_de_Parfum.jpg,Sweet
perfume_images\00451_Ligno_Extrait_de_Parfum.jpg,Amber_Oriental
perfume_images\00021_Milk_Musk_Eau_de_Toilette.jpg,Sweet
perfume_images\00046_Dear_Polly_Eau_de_Parfum.jpg,Amber_Oriental
perfume_images\01835_Homme_Eau_de_Parfum.jpg,Spicy
perfume_images\01909_Jubilation_25_Eau_de_Parfum.jpg,Amber_Oriental
perfume_images\00651_Rahat_Loukhoum_Eau_de_Parfum.jpg,Sweet
perfume_images\01853_Lhumaniste_Eau_de_Parfum.jpg,Spicy
perfume_images\00321_Royal_Mayfair_Eau_de_Parfum.jpg,Citrus
perfume_images\01942_Tuberosa_Eau_de_Parfum.jpg,Floral
perfume_images\01966_Wood_and_Spices_Eau_de_Parfum.jpg,Woody
perfume_images\01850_Patchouli_Intense_Eau_de_Parfum.jpg,Floral
perfume_images\01730_Francois_Charles_Eau_de_Parfum.jpg,Floral
perfume_images\00373_LAimee_Eau_de_Parfum.jpg,Woody
perfume_images\02041_Pink_Eau_de_parfum.jpg,Woody
perfume_images\00326_Relique_dAmour_Eau_de_Parfum.jpg,Amber_Oriental
perfume_images\00594_Soleil_dItalie_Eau_de_Parfum.jpg,Citrus
perfume_images\00333_Philosykos_-_Eau_de_Parfum.jpg,Woody
perfume_images\01887_Monyette_Paris_Eau_de_Parfum_Spray.jpg,Sweet
perfume_images\01891_Quercus_Cologne.jpg,Citrus
